<?xml version="1.0" encoding="UTF-8"?>
<model:TWSBatchApplicationInstance xmlns:model="http://www.ibm.com/xmlns/prod/scheduling/1.0/Model">
  <model:Name>SIMPLEREST</model:Name>
  <model:JobDefinition name="$JOB_RESTCALL$" workstation="$WORKSTATION_AZ_CLOUD$">
    <model:task cmd="false" exec="&lt;?xml version=&quot;1.0&quot; encoding=&quot;UTF-8&quot;?>&#xA;&lt;jsdl:jobDefinition xmlns:jsdl=&quot;http://www.ibm.com/xmlns/prod/scheduling/1.0/jsdl&quot; xmlns:jsdlrestful=&quot;http://www.ibm.com/xmlns/prod/scheduling/1.0/jsdlrestful&quot; name=&quot;RESTFUL&quot;>&#xA;  &lt;jsdl:application name=&quot;restful&quot;>&#xA;    &lt;jsdlrestful:restful>&#xA;&#x9;&#x9;&#x9;&lt;jsdlrestful:RestfulParameters>&#xA;&#x9;&#x9;&#x9;&#x9;&lt;jsdlrestful:Authentication>&#xA;&#x9;&#x9;&#x9;&#x9;&#x9;&lt;jsdlrestful:credentials>&#xA;&#x9;&#x9;&#x9;&#x9;&#x9;&#x9;&lt;jsdl:userName/>&#xA;&#x9;&#x9;&#x9;&#x9;&#x9;&#x9;&lt;jsdl:password/>&#xA;&#x9;&#x9;&#x9;&#x9;&#x9;&lt;/jsdlrestful:credentials>&#xA;&#x9;&#x9;&#x9;&#x9;&#x9;&lt;jsdlrestful:CertificateGroup>&#xA;&#x9;&#x9;&#x9;&#x9;&#x9;&#x9;&lt;jsdlrestful:keyStoreFilePath/>&#xA;&#x9;&#x9;&#x9;&#x9;&#x9;&#x9;&lt;jsdlrestful:password/>&#xA;&#x9;&#x9;&#x9;&#x9;&#x9;&#x9;&lt;jsdlrestful:HostnameVerifyCheckbox/>&#xA;&#x9;&#x9;&#x9;&#x9;&#x9;&lt;/jsdlrestful:CertificateGroup>&#xA;&#x9;&#x9;&#x9;&#x9;&lt;/jsdlrestful:Authentication>&#xA;&#x9;&#x9;&#x9;&#x9;&lt;jsdlrestful:RESTAction>&#xA;&#x9;&#x9;&#x9;&#x9;&#x9;&lt;jsdlrestful:URI>^URL^&lt;/jsdlrestful:URI>&#xA;&#x9;&#x9;&#x9;&#x9;&#x9;&lt;jsdlrestful:method>POST&lt;/jsdlrestful:method>&#xA;&#x9;&#x9;&#x9;&#x9;&#x9;&lt;jsdlrestful:outputFileName/>&#xA;&#xA;&#x9;&#x9;&#x9;&#x9;&lt;/jsdlrestful:RESTAction>&#xA;&#x9;&#x9;&#x9;&#x9;&lt;jsdlrestful:Body>&#xA;&#x9;&#x9;&#x9;&#x9;&#x9;&lt;jsdlrestful:contentType>application/json&lt;/jsdlrestful:contentType>&#xA;&#x9;&#x9;&#x9;&#x9;&#x9;&lt;jsdlrestful:BodyGroup>&#xA;&#x9;&#x9;&#x9;&#x9;&#x9;&#x9;&lt;jsdlrestful:TextBody>&#xA;&#x9;&#x9;&#x9;&#x9;&#x9;&#x9;&#x9;&lt;jsdlrestful:InputTextBody>^BODY^&lt;/jsdlrestful:InputTextBody>&#xA;&#x9;&#x9;&#x9;&#x9;&#x9;&#x9;&lt;/jsdlrestful:TextBody>&#xA;&#x9;&#x9;&#x9;&#x9;&#x9;&lt;/jsdlrestful:BodyGroup>&#xA;&#x9;&#x9;&#x9;&#x9;&lt;/jsdlrestful:Body>&#xA;&#x9;&#x9;&#x9;&#x9;&lt;jsdlrestful:Advanced>&#xA;&#xA;&#x9;&#x9;&#x9;&#x9;&#x9;&lt;jsdlrestful:Accept/>&#xA;&#x9;&#x9;&#x9;&#x9;&#x9;&lt;jsdlrestful:JSONPropertiesGroup>&#xA;&#x9;&#x9;&#x9;&#x9;&#x9;&#x9;&lt;jsdlrestful:JsonObjectResultQuery/>&#xA;&#x9;&#x9;&#x9;&#x9;&#x9;&lt;/jsdlrestful:JSONPropertiesGroup>&#xA;&#x9;&#x9;&#x9;&#x9;&#x9;&lt;jsdlrestful:NumberOfRetries>0&lt;/jsdlrestful:NumberOfRetries>&#xA;&#x9;&#x9;&#x9;&#x9;&#x9;&lt;jsdlrestful:RetryIntervalSeconds>30&lt;/jsdlrestful:RetryIntervalSeconds>&#xA;&#x9;&#x9;&#x9;&#x9;&lt;/jsdlrestful:Advanced>&#xA;&#x9;&#x9;&#x9;&lt;/jsdlrestful:RestfulParameters>&#xA;&#x9;&#x9;&lt;/jsdlrestful:restful>&#xA;  &lt;/jsdl:application>&#xA;&lt;/jsdl:jobDefinition>&#xA;" interactive="false" jsdlTask="true" type="restful"/>
    <model:recovery action="stop"/>
  </model:JobDefinition>
  <model:JobStream carryforward="false" draft="false" iskey="false" limit="-1" name="$JOBSTREAM_SIMPLEREST$" onrequest="false" priority="10" vartable="$VARTABLE_AZDEFAULT$" workstation="$WORKSTATION_AZ_CLOUD$">
    <model:runcycles/>
    <model:matching>
      <model:sameDay/>
    </model:matching>
    <model:restrictions>
      <model:start time="0 0" timeDependent="true"/>
    </model:restrictions>
    <model:dependencies/>
    <model:jobs>
      <model:job confirmed="false" defintion="$WORKSTATION_AZ_CLOUD$#$JOB_RESTCALL$" isCritical="false" iskey="false" name="$JOB_RESTCALL$" priority="10">
        <model:restrictions/>
        <model:dependencies/>
      </model:job>
    </model:jobs>
    <model:uipreferences>{
  &quot;id&quot; : &quot;145e209a-55d2-36d4-b599-5828c348e153&quot;,
  &quot;objectType&quot; : &quot;JOB&quot;,
  &quot;preferences&quot; : &quot;{}&quot;
}</model:uipreferences>
  </model:JobStream>
  <model:VariableTable isdefault="false" name="$VARTABLE_AZDEFAULT$">
    <model:member name="BODY" value="$VARIABLEVALUE_AZDEFAULT/BODY$"/>
    <model:member name="URL" value="$VARIABLEVALUE_AZDEFAULT/URL$"/>
  </model:VariableTable>
</model:TWSBatchApplicationInstance>